start,Гагаринский,Выхино-Жулебино,Косино-Ухтомский,Бибирево,Дорогомилово,Войковский,Южное Бутово,Мещанский,Чертаново Южное,Нагатинский Затон,Замоскворечье,Зюзино,Донской,Хорошёвский,---,Тверской,Савёлки,Фили-Давыдково,Арбат,Академичекский,Левобережный,Филёвский Парк,Черёмушки,Даниловский,Тропарёво-Никулино,Обручёвский,Орехово-Борисово Южное,Строгино,Отрадное,Свиблово,Крылатское,Хамовники,Кунцево,Таганский,Бабушкинский,Царицыно,Пресненский,Аэропорт,Северное Измайлово,Новогиреево,Сокольники,Проспект Вернадского,Митино,Тимирязевский,Щукино,Марьино,Богородское,Северное Тушино,Люблино,Кузьминки,Чертаново Центральное,Коньково,Рязанский,Некрасовка,Ховрино,"Перово,Соколиная Гора",Бескудниковский,Перово,Измайлово,Алексеевский,Красносельский,Южное Тушино,Бутырский,Печатники,Останкинский,"Бескудниковский,Тимирязевский",Нижегородский,Ясенево,Головинский,Соколиная Гора,Южнопортовый,Марьина роща,Чертаново Северное,Новокосино,Текстильщики,Басманный,Нагорный,Московский,Тропарево-Никулино,Преображенское,Сокол,Якиманка,Северное Бутово,Коптево,Покровское-Стрешнево,Орехово-Борисово Северное,"Ростокино,Свиблово",Лефортово,Братеево,Ново-Переделкино
Щёлковская,,490.0,380.0,690.0,810.0,660.0,1190.0,470.0,940.0,650.0,540.0,1200.0,1020.0,580.0,220.0,540.0,520.0,820.0,200.0,950.0,760.0,720.0,850.0,610.0,950.0,910.0,760.0,1020.0,690.0,570.0,840.0,710.0,750.0,480.0,620.0,890.0,570.0,550.0,230.0,350.0,360.0,820.0,970.0,610.0,,770.0,320.0,900.0,700.0,580.0,860.0,940.0,490.0,610.0,790.0,320.0,750.0,410.0,190.0,440.0,400.0,920.0,550.0,590.0,570.0,600.0,590.0,1050.0,900.0,360.0,590.0,460.0,860.0,410.0,530.0,440.0,700.0,220.0,910.0,250.0,680.0,610.0,1020.0,840.0,660.0,770.0,580.0,330.0,780.0,1200.0
Бульвар Рокоссовского,,590.0,650.0,630.0,,600.0,1220.0,410.0,1120.0,730.0,520.0,1320.0,1190.0,620.0,250.0,470.0,470.0,710.0,320.0,740.0,790.0,690.0,800.0,610.0,890.0,870.0,960.0,790.0,520.0,460.0,770.0,690.0,750.0,470.0,300.0,820.0,560.0,500.0,340.0,560.0,330.0,830.0,990.0,570.0,640.0,720.0,190.0,730.0,,630.0,,920.0,570.0,740.0,820.0,350.0,710.0,540.0,350.0,330.0,370.0,940.0,450.0,590.0,410.0,530.0,540.0,1000.0,820.0,410.0,510.0,420.0,890.0,580.0,540.0,440.0,770.0,450.0,850.0,220.0,190.0,560.0,1270.0,690.0,650.0,870.0,450.0,360.0,710.0,1160.0
Выхино,,270.0,350.0,910.0,800.0,710.0,920.0,520.0,800.0,650.0,500.0,720.0,890.0,730.0,360.0,540.0,580.0,810.0,430.0,850.0,870.0,810.0,720.0,560.0,1050.0,850.0,680.0,960.0,750.0,700.0,900.0,690.0,830.0,430.0,670.0,750.0,660.0,610.0,410.0,260.0,450.0,770.0,1270.0,620.0,730.0,540.0,510.0,830.0,440.0,340.0,770.0,850.0,220.0,440.0,920.0,300.0,790.0,440.0,460.0,520.0,430.0,1030.0,600.0,430.0,610.0,620.0,15260.0,960.0,1190.0,350.0,430.0,520.0,910.0,340.0,370.0,490.0,710.0,340.0,850.0,430.0,730.0,540.0,950.0,800.0,730.0,670.0,700.0,280.0,600.0,1140.0
Первомайская,,410.0,450.0,770.0,840.0,670.0,1040.0,490.0,920.0,750.0,550.0,1140.0,1000.0,700.0,380.0,590.0,540.0,770.0,690.0,790.0,880.0,800.0,850.0,620.0,950.0,880.0,770.0,1080.0,740.0,630.0,840.0,740.0,820.0,500.0,680.0,880.0,620.0,1210.0,200.0,300.0,420.0,870.0,1020.0,640.0,770.0,720.0,390.0,770.0,680.0,550.0,900.0,960.0,440.0,590.0,870.0,300.0,770.0,340.0,200.0,500.0,400.0,970.0,570.0,620.0,580.0,590.0,490.0,1080.0,950.0,340.0,530.0,490.0,910.0,410.0,570.0,540.0,800.0,200.0,910.0,,710.0,610.0,1080.0,760.0,690.0,800.0,640.0,320.0,710.0,1180.0
Новогиреево,,310.0,320.0,810.0,840.0,780.0,920.0,580.0,800.0,690.0,580.0,1030.0,890.0,690.0,400.0,640.0,640.0,870.0,400.0,,880.0,760.0,830.0,610.0,1060.0,900.0,650.0,1150.0,810.0,670.0,960.0,730.0,800.0,480.0,740.0,770.0,670.0,1230.0,360.0,190.0,530.0,810.0,1080.0,710.0,840.0,630.0,590.0,1010.0,490.0,400.0,900.0,910.0,270.0,480.0,890.0,340.0,870.0,210.0,360.0,710.0,510.0,1020.0,660.0,540.0,680.0,720.0,320.0,980.0,1010.0,330.0,550.0,590.0,850.0,280.0,410.0,430.0,670.0,360.0,900.0,510.0,800.0,600.0,890.0,860.0,780.0,690.0,690.0,440.0,670.0,1150.0
Измайлово,,770.0,880.0,730.0,320.0,440.0,960.0,440.0,,620.0,380.0,1650.0,920.0,400.0,830.0,340.0,500.0,430.0,,560.0,600.0,400.0,,450.0,780.0,650.0,820.0,690.0,660.0,690.0,570.0,390.0,430.0,390.0,760.0,740.0,260.0,320.0,810.0,820.0,540.0,520.0,860.0,460.0,480.0,800.0,700.0,550.0,690.0,680.0,710.0,670.0,670.0,1000.0,670.0,710.0,670.0,680.0,820.0,460.0,480.0,710.0,510.0,730.0,480.0,460.0,640.0,840.0,490.0,720.0,580.0,420.0,680.0,950.0,480.0,470.0,450.0,290.0,530.0,570.0,300.0,300.0,940.0,450.0,350.0,610.0,550.0,540.0,650.0,710.0
Косино,,230.0,170.0,830.0,940.0,800.0,810.0,620.0,710.0,730.0,580.0,900.0,800.0,690.0,320.0,710.0,680.0,900.0,500.0,770.0,950.0,880.0,840.0,640.0,990.0,890.0,580.0,1050.0,870.0,720.0,970.0,760.0,920.0,560.0,780.0,680.0,720.0,830.0,560.0,350.0,560.0,840.0,1100.0,750.0,830.0,630.0,600.0,1050.0,510.0,420.0,890.0,940.0,290.0,180.0,990.0,400.0,900.0,400.0,530.0,620.0,550.0,1050.0,690.0,490.0,710.0,740.0,380.0,910.0,1040.0,470.0,590.0,620.0,810.0,290.0,470.0,600.0,700.0,670.0,900.0,530.0,830.0,660.0,780.0,860.0,810.0,560.0,730.0,390.0,570.0,1170.0
Новокосино,,320.0,400.0,780.0,900.0,870.0,860.0,620.0,790.0,770.0,,930.0,,740.0,380.0,700.0,680.0,940.0,400.0,810.0,860.0,830.0,900.0,690.0,1050.0,950.0,630.0,1130.0,790.0,660.0,960.0,790.0,860.0,550.0,710.0,770.0,710.0,1280.0,480.0,260.0,610.0,870.0,1070.0,770.0,860.0,560.0,560.0,990.0,530.0,440.0,830.0,1040.0,330.0,460.0,900.0,410.0,850.0,330.0,480.0,650.0,570.0,1010.0,710.0,530.0,730.0,770.0,370.0,960.0,990.0,390.0,620.0,640.0,850.0,190.0,490.0,590.0,800.0,790.0,960.0,500.0,860.0,670.0,830.0,890.0,850.0,600.0,650.0,400.0,560.0,1250.0
Перово,,370.0,390.0,840.0,790.0,670.0,1020.0,480.0,870.0,560.0,450.0,1150.0,930.0,690.0,400.0,470.0,540.0,,330.0,760.0,790.0,710.0,760.0,550.0,870.0,810.0,810.0,920.0,720.0,710.0,800.0,680.0,730.0,390.0,680.0,720.0,610.0,1210.0,310.0,200.0,430.0,750.0,1110.0,610.0,700.0,620.0,430.0,770.0,540.0,410.0,770.0,870.0,340.0,540.0,860.0,240.0,730.0,190.0,310.0,540.0,400.0,900.0,560.0,490.0,600.0,580.0,390.0,880.0,840.0,230.0,490.0,480.0,760.0,350.0,440.0,430.0,660.0,310.0,820.0,400.0,690.0,500.0,1090.0,740.0,680.0,800.0,650.0,340.0,600.0,1110.0
Преображенская площадь,710.0,610.0,510.0,750.0,730.0,780.0,1340.0,490.0,1080.0,820.0,590.0,1230.0,740.0,740.0,550.0,580.0,1540.0,870.0,700.0,1530.0,1230.0,800.0,190.0,740.0,1020.0,19760.0,1000.0,1080.0,630.0,550.0,880.0,710.0,4790.0,570.0,560.0,910.0,650.0,,270.0,450.0,270.0,1070.0,990.0,650.0,780.0,2130.0,4010.0,900.0,680.0,3300.0,1020.0,1000.0,470.0,660.0,850.0,280.0,750.0,390.0,240.0,410.0,280.0,910.0,550.0,310.0,490.0,620.0,15550.0,3640.0,700.0,270.0,660.0,510.0,930.0,610.0,610.0,330.0,780.0,190.0,1040.0,220.0,280.0,,1270.0,870.0,770.0,960.0,570.0,390.0,910.0,1180.0
Сокольники,630.0,610.0,620.0,5640.0,760.0,680.0,1280.0,410.0,990.0,740.0,450.0,820.0,630.0,650.0,580.0,,1490.0,800.0,,720.0,,700.0,340.0,560.0,990.0,19740.0,950.0,880.0,550.0,460.0,770.0,710.0,4640.0,440.0,480.0,780.0,560.0,1370.0,420.0,520.0,210.0,770.0,880.0,470.0,20640.0,2040.0,200.0,810.0,680.0,3220.0,830.0,,390.0,690.0,810.0,330.0,660.0,450.0,340.0,190.0,190.0,820.0,430.0,240.0,480.0,530.0,15630.0,11610.0,610.0,2950.0,560.0,390.0,890.0,630.0,590.0,,730.0,690.0,930.0,290.0,190.0,,1180.0,670.0,660.0,830.0,540.0,280.0,790.0,1200.0
Проспект Вернадского,200.0,710.0,900.0,970.0,330.0,730.0,810.0,690.0,720.0,620.0,2450.0,400.0,350.0,510.0,1130.0,,,480.0,400.0,210.0,950.0,400.0,,370.0,,350.0,700.0,780.0,910.0,840.0,570.0,310.0,550.0,480.0,930.0,600.0,450.0,1270.0,880.0,760.0,2630.0,310.0,900.0,740.0,6130.0,1050.0,800.0,950.0,710.0,790.0,560.0,450.0,550.0,970.0,1170.0,720.0,820.0,750.0,810.0,700.0,690.0,830.0,,540.0,740.0,,540.0,530.0,720.0,740.0,440.0,590.0,,890.0,610.0,540.0,370.0,600.0,420.0,690.0,690.0,390.0,710.0,840.0,450.0,650.0,3530.0,760.0,770.0,580.0
Парк Победы,410.0,820.0,950.0,850.0,240.0,550.0,980.0,640.0,790.0,690.0,2520.0,680.0,460.0,400.0,710.0,410.0,1390.0,330.0,,430.0,610.0,220.0,,500.0,,19550.0,770.0,570.0,650.0,740.0,410.0,380.0,240.0,510.0,840.0,810.0,380.0,990.0,900.0,820.0,710.0,350.0,750.0,600.0,530.0,1890.0,980.0,470.0,820.0,910.0,670.0,2610.0,650.0,1000.0,700.0,730.0,700.0,730.0,760.0,620.0,640.0,690.0,500.0,650.0,650.0,590.0,560.0,760.0,590.0,750.0,710.0,,720.0,970.0,720.0,520.0,570.0,290.0,450.0,720.0,,,820.0,650.0,540.0,760.0,3420.0,730.0,860.0,570.0
Крылатское,570.0,1060.0,1190.0,780.0,540.0,,1010.0,780.0,1020.0,960.0,670.0,760.0,720.0,340.0,680.0,580.0,1330.0,340.0,,1190.0,540.0,430.0,,710.0,580.0,19710.0,1090.0,350.0,720.0,850.0,190.0,570.0,230.0,720.0,860.0,1090.0,410.0,1000.0,1030.0,1090.0,790.0,560.0,680.0,470.0,410.0,2310.0,990.0,710.0,1090.0,980.0,880.0,2540.0,890.0,1290.0,630.0,1010.0,610.0,1000.0,930.0,700.0,710.0,610.0,540.0,1060.0,730.0,640.0,780.0,770.0,350.0,900.0,820.0,600.0,810.0,,950.0,780.0,770.0,420.0,570.0,860.0,900.0,,970.0,550.0,480.0,1030.0,3510.0,920.0,1140.0,620.0
Кунцевская,550.0,1040.0,1220.0,830.0,460.0,540.0,1050.0,840.0,960.0,920.0,630.0,700.0,680.0,460.0,640.0,,1430.0,300.0,560.0,1110.0,620.0,290.0,,700.0,470.0,580.0,990.0,410.0,800.0,950.0,270.0,560.0,200.0,690.0,1040.0,1030.0,510.0,930.0,1150.0,1090.0,2280.0,490.0,760.0,550.0,520.0,900.0,900.0,820.0,1040.0,930.0,800.0,3090.0,830.0,1290.0,730.0,1020.0,670.0,1030.0,1070.0,830.0,840.0,690.0,,900.0,820.0,650.0,770.0,680.0,440.0,1010.0,800.0,710.0,790.0,1180.0,880.0,780.0,750.0,500.0,500.0,950.0,990.0,,870.0,600.0,550.0,980.0,3640.0,880.0,1060.0,540.0
Новопеределкино,720.0,1220.0,1370.0,1320.0,660.0,1030.0,830.0,1130.0,840.0,1080.0,810.0,760.0,750.0,890.0,830.0,,1930.0,590.0,840.0,870.0,1080.0,760.0,610.0,800.0,,730.0,1290.0,860.0,1510.0,3950.0,840.0,840.0,520.0,980.0,1530.0,1120.0,1010.0,1130.0,1700.0,1360.0,1140.0,480.0,1010.0,1000.0,6140.0,21530.0,660.0,1150.0,1150.0,1060.0,850.0,3390.0,1000.0,1410.0,1190.0,1290.0,1140.0,1330.0,870.0,1080.0,1070.0,1010.0,1060.0,1020.0,1160.0,1120.0,980.0,590.0,890.0,1180.0,890.0,1030.0,760.0,1350.0,990.0,920.0,810.0,360.0,500.0,1140.0,310.0,830.0,760.0,,940.0,1020.0,1300.0,1080.0,1120.0,190.0
Мичуринский проспект,,830.0,990.0,970.0,400.0,,990.0,750.0,700.0,720.0,490.0,350.0,450.0,520.0,1190.0,500.0,1580.0,410.0,470.0,290.0,770.0,330.0,,420.0,290.0,410.0,700.0,670.0,930.0,920.0,510.0,340.0,340.0,580.0,980.0,620.0,530.0,1330.0,980.0,950.0,830.0,240.0,930.0,510.0,680.0,810.0,840.0,650.0,810.0,770.0,590.0,3340.0,640.0,1070.0,880.0,860.0,840.0,860.0,850.0,690.0,700.0,870.0,,650.0,830.0,,610.0,610.0,740.0,840.0,550.0,640.0,590.0,980.0,700.0,680.0,460.0,,360.0,790.0,19160.0,,730.0,810.0,690.0,670.0,3590.0,900.0,780.0,450.0
Раменки,350.0,880.0,1030.0,1080.0,,,890.0,810.0,770.0,790.0,540.0,380.0,510.0,460.0,1230.0,550.0,1630.0,340.0,490.0,360.0,810.0,500.0,,480.0,,410.0,760.0,670.0,1000.0,950.0,470.0,460.0,310.0,670.0,1020.0,650.0,550.0,770.0,1050.0,970.0,880.0,270.0,870.0,800.0,680.0,820.0,4180.0,690.0,890.0,770.0,590.0,430.0,710.0,1140.0,900.0,880.0,900.0,880.0,860.0,760.0,760.0,850.0,670.0,850.0,840.0,800.0,710.0,560.0,720.0,920.0,,680.0,530.0,1050.0,750.0,740.0,530.0,470.0,260.0,850.0,730.0,,730.0,790.0,690.0,720.0,3710.0,920.0,820.0,400.0
Солнцево,,1310.0,1490.0,1490.0,,1140.0,830.0,1170.0,1070.0,1200.0,1010.0,850.0,940.0,1010.0,1020.0,920.0,1870.0,680.0,890.0,840.0,1220.0,760.0,740.0,960.0,590.0,550.0,1200.0,780.0,1430.0,1370.0,820.0,3250.0,530.0,1140.0,1440.0,1020.0,950.0,1010.0,1470.0,1360.0,2490.0,540.0,1150.0,1110.0,6350.0,540.0,4680.0,1270.0,1190.0,1170.0,940.0,3550.0,1180.0,1550.0,1300.0,1320.0,1290.0,1330.0,1340.0,1170.0,1170.0,1090.0,,1100.0,1240.0,1220.0,1180.0,700.0,1000.0,1340.0,1040.0,1130.0,880.0,1460.0,1160.0,1230.0,950.0,340.0,510.0,1380.0,1300.0,,910.0,1200.0,1110.0,1140.0,1430.0,1190.0,1240.0,340.0
Тропарёво,420.0,1020.0,1140.0,1250.0,640.0,,590.0,970.0,640.0,880.0,640.0,470.0,580.0,840.0,630.0,,1670.0,530.0,620.0,470.0,950.0,560.0,,620.0,,220.0,820.0,630.0,1170.0,3920.0,620.0,520.0,340.0,720.0,1190.0,660.0,730.0,1390.0,1290.0,1070.0,2020.0,190.0,900.0,850.0,5930.0,950.0,210.0,1000.0,960.0,880.0,650.0,300.0,800.0,1240.0,1530.0,1000.0,980.0,1020.0,650.0,940.0,930.0,870.0,,790.0,1100.0,960.0,810.0,260.0,840.0,1030.0,680.0,900.0,550.0,1170.0,830.0,810.0,620.0,670.0,200.0,1090.0,230.0,640.0,540.0,920.0,400.0,850.0,1240.0,1000.0,950.0,360.0
Филёвский парк,580.0,950.0,1090.0,790.0,370.0,,1150.0,660.0,930.0,840.0,570.0,700.0,580.0,570.0,590.0,460.0,1500.0,360.0,,1320.0,610.0,280.0,590.0,640.0,720.0,19710.0,910.0,620.0,800.0,750.0,470.0,480.0,540.0,650.0,840.0,840.0,330.0,1160.0,950.0,980.0,620.0,580.0,760.0,580.0,400.0,930.0,1150.0,640.0,940.0,1100.0,820.0,780.0,790.0,1220.0,710.0,930.0,640.0,930.0,830.0,600.0,610.0,700.0,,760.0,640.0,,710.0,990.0,460.0,810.0,680.0,480.0,920.0,1160.0,820.0,700.0,650.0,310.0,680.0,780.0,500.0,500.0,950.0,640.0,530.0,890.0,3470.0,820.0,990.0,860.0
Балтийская,600.0,960.0,1080.0,670.0,540.0,190.0,1320.0,620.0,1150.0,970.0,2970.0,1770.0,670.0,450.0,610.0,440.0,1180.0,640.0,610.0,780.0,310.0,500.0,330.0,200.0,900.0,19870.0,1100.0,480.0,580.0,720.0,430.0,4160.0,590.0,700.0,740.0,1070.0,400.0,900.0,900.0,970.0,650.0,690.0,500.0,400.0,290.0,1370.0,1350.0,420.0,1030.0,1310.0,1050.0,1040.0,740.0,1180.0,,880.0,430.0,880.0,1200.0,560.0,550.0,380.0,460.0,1060.0,480.0,500.0,690.0,,280.0,760.0,930.0,470.0,980.0,1120.0,890.0,640.0,840.0,1150.0,790.0,800.0,240.0,550.0,1230.0,290.0,270.0,1060.0,4260.0,780.0,1120.0,930.0
Аэропорт,,1470.0,1620.0,1670.0,,1370.0,1040.0,1480.0,1230.0,1400.0,3020.0,980.0,1090.0,1280.0,1140.0,1240.0,2550.0,930.0,1170.0,980.0,1490.0,1060.0,850.0,1060.0,690.0,690.0,1300.0,1160.0,1640.0,1700.0,1130.0,1120.0,830.0,,1740.0,1190.0,1230.0,690.0,1660.0,1630.0,2900.0,690.0,1460.0,1490.0,5460.0,690.0,4830.0,1390.0,1390.0,1330.0,1100.0,3320.0,1280.0,1780.0,1570.0,1550.0,1540.0,1540.0,1610.0,1470.0,1460.0,1420.0,1450.0,1470.0,1560.0,1490.0,1250.0,720.0,1340.0,1550.0,1200.0,1460.0,1010.0,1730.0,1270.0,1380.0,1110.0,690.0,700.0,1570.0,710.0,1170.0,1080.0,1440.0,1330.0,1290.0,1730.0,1340.0,1310.0,690.0
Беговая,460.0,930.0,1030.0,700.0,510.0,410.0,1230.0,560.0,950.0,900.0,3450.0,800.0,540.0,190.0,940.0,360.0,1330.0,510.0,460.0,1440.0,500.0,340.0,580.0,670.0,790.0,19710.0,970.0,540.0,620.0,670.0,380.0,400.0,600.0,580.0,780.0,830.0,230.0,1060.0,810.0,920.0,500.0,640.0,660.0,450.0,260.0,800.0,1260.0,,920.0,1180.0,850.0,870.0,710.0,1130.0,970.0,730.0,550.0,870.0,1080.0,490.0,480.0,600.0,360.0,820.0,520.0,570.0,610.0,3430.0,260.0,690.0,800.0,420.0,860.0,1110.0,760.0,510.0,700.0,570.0,750.0,720.0,,,1160.0,390.0,370.0,890.0,4380.0,650.0,980.0,860.0
Войковская,600.0,1000.0,1070.0,620.0,550.0,190.0,1250.0,690.0,1100.0,970.0,2830.0,1740.0,690.0,350.0,660.0,410.0,1090.0,440.0,540.0,800.0,280.0,510.0,,690.0,790.0,19820.0,1030.0,460.0,580.0,750.0,430.0,4060.0,560.0,660.0,,1130.0,390.0,880.0,980.0,990.0,660.0,700.0,470.0,410.0,280.0,1260.0,1260.0,450.0,970.0,1200.0,1060.0,920.0,750.0,1180.0,360.0,910.0,450.0,890.0,1210.0,590.0,580.0,390.0,420.0,1020.0,500.0,520.0,690.0,3190.0,270.0,800.0,870.0,500.0,990.0,1170.0,820.0,610.0,840.0,510.0,740.0,840.0,640.0,540.0,1180.0,310.0,260.0,1050.0,4220.0,810.0,1100.0,850.0
Верхние Лихоборы,680.0,940.0,1020.0,450.0,600.0,370.0,1310.0,570.0,1160.0,1090.0,2910.0,1700.0,790.0,470.0,1060.0,510.0,1150.0,700.0,620.0,260.0,430.0,570.0,,300.0,870.0,19830.0,1100.0,,330.0,490.0,520.0,4180.0,820.0,740.0,510.0,1130.0,470.0,430.0,930.0,930.0,610.0,890.0,1060.0,190.0,430.0,1660.0,490.0,510.0,1000.0,1280.0,1150.0,1020.0,720.0,1170.0,270.0,850.0,190.0,850.0,770.0,530.0,510.0,520.0,320.0,1010.0,300.0,210.0,760.0,3240.0,200.0,,880.0,410.0,1200.0,1110.0,840.0,620.0,970.0,590.0,960.0,780.0,370.0,670.0,1190.0,270.0,440.0,1170.0,510.0,740.0,1110.0,950.0
Водный стадион,750.0,1110.0,1310.0,,640.0,320.0,1420.0,740.0,1270.0,1080.0,2940.0,1970.0,890.0,570.0,780.0,560.0,1040.0,,660.0,890.0,290.0,590.0,,270.0,990.0,,1240.0,530.0,570.0,760.0,560.0,4210.0,690.0,770.0,720.0,1150.0,520.0,470.0,960.0,1130.0,690.0,780.0,440.0,410.0,400.0,600.0,1390.0,430.0,1150.0,1310.0,1230.0,1100.0,870.0,1370.0,300.0,1010.0,350.0,1010.0,1370.0,680.0,670.0,490.0,560.0,1150.0,520.0,430.0,830.0,3190.0,400.0,920.0,1050.0,620.0,1280.0,1130.0,1000.0,730.0,1010.0,640.0,960.0,940.0,750.0,680.0,1300.0,330.0,390.0,1220.0,4190.0,,1270.0,990.0
Дмитровская,490.0,,900.0,450.0,570.0,370.0,1440.0,440.0,1140.0,910.0,3210.0,960.0,730.0,330.0,1020.0,390.0,1270.0,570.0,450.0,370.0,460.0,450.0,190.0,380.0,830.0,19890.0,1080.0,570.0,770.0,540.0,520.0,540.0,690.0,540.0,600.0,1020.0,350.0,990.0,700.0,790.0,390.0,610.0,580.0,200.0,400.0,840.0,1320.0,530.0,830.0,2790.0,1060.0,900.0,570.0,1010.0,830.0,590.0,330.0,720.0,1170.0,380.0,380.0,580.0,200.0,750.0,380.0,360.0,580.0,3360.0,310.0,590.0,780.0,310.0,980.0,950.0,690.0,410.0,830.0,440.0,790.0,550.0,18890.0,,1200.0,340.0,340.0,1010.0,3270.0,620.0,970.0,890.0
Коптево,760.0,1000.0,1100.0,610.0,670.0,280.0,1340.0,660.0,1290.0,1150.0,2920.0,1780.0,900.0,530.0,770.0,560.0,1160.0,690.0,660.0,890.0,320.0,560.0,260.0,200.0,860.0,20030.0,1210.0,650.0,780.0,660.0,490.0,4140.0,630.0,800.0,690.0,1190.0,520.0,880.0,960.0,1020.0,690.0,800.0,540.0,310.0,390.0,1340.0,1330.0,540.0,1050.0,1280.0,1210.0,1000.0,780.0,1210.0,260.0,930.0,400.0,910.0,1400.0,600.0,590.0,530.0,370.0,1070.0,380.0,330.0,790.0,3290.0,360.0,830.0,930.0,520.0,1200.0,1150.0,920.0,640.0,930.0,1180.0,920.0,840.0,,680.0,680.0,200.0,390.0,1210.0,840.0,840.0,1150.0,920.0
Речной вокзал,710.0,1040.0,1080.0,630.0,600.0,230.0,1490.0,680.0,1230.0,1090.0,2930.0,1820.0,810.0,500.0,710.0,470.0,1100.0,520.0,,310.0,240.0,570.0,240.0,860.0,880.0,19980.0,1150.0,600.0,690.0,790.0,500.0,4200.0,640.0,740.0,760.0,1120.0,470.0,1330.0,990.0,1050.0,660.0,810.0,540.0,560.0,350.0,1670.0,1350.0,420.0,1080.0,1290.0,1150.0,1010.0,800.0,1240.0,370.0,940.0,500.0,960.0,1310.0,620.0,610.0,510.0,450.0,970.0,580.0,,760.0,3300.0,390.0,840.0,900.0,520.0,1080.0,1190.0,950.0,650.0,920.0,1200.0,860.0,870.0,700.0,610.0,1260.0,360.0,330.0,1160.0,890.0,860.0,1120.0,960.0
Сокол,560.0,850.0,970.0,680.0,430.0,310.0,1270.0,520.0,1070.0,920.0,390.0,1640.0,630.0,300.0,630.0,330.0,1280.0,510.0,440.0,630.0,450.0,370.0,,810.0,800.0,19840.0,1010.0,510.0,610.0,670.0,480.0,4090.0,610.0,570.0,690.0,940.0,300.0,1000.0,780.0,860.0,550.0,560.0,530.0,440.0,320.0,1690.0,1270.0,480.0,910.0,,980.0,960.0,,1080.0,970.0,760.0,510.0,770.0,1160.0,460.0,450.0,450.0,290.0,920.0,400.0,550.0,650.0,3440.0,300.0,680.0,780.0,380.0,910.0,990.0,760.0,530.0,750.0,550.0,750.0,700.0,280.0,,1170.0,440.0,320.0,960.0,4450.0,690.0,1020.0,860.0
Савёловская,430.0,780.0,920.0,530.0,420.0,380.0,1310.0,440.0,1060.0,920.0,3190.0,900.0,640.0,290.0,940.0,350.0,,520.0,460.0,590.0,1710.0,400.0,240.0,700.0,810.0,19850.0,960.0,580.0,450.0,590.0,480.0,530.0,600.0,590.0,600.0,930.0,310.0,1020.0,580.0,780.0,410.0,780.0,600.0,220.0,390.0,1770.0,1280.0,530.0,830.0,2880.0,900.0,830.0,560.0,970.0,910.0,590.0,450.0,690.0,1170.0,380.0,380.0,530.0,200.0,750.0,260.0,400.0,,3430.0,370.0,590.0,700.0,300.0,930.0,920.0,680.0,400.0,,410.0,760.0,550.0,18750.0,560.0,1220.0,420.0,,960.0,590.0,500.0,940.0,870.0
Тимирязевская,,,,520.0,490.0,390.0,1280.0,460.0,1100.0,1000.0,3150.0,1590.0,670.0,360.0,1080.0,400.0,1260.0,570.0,500.0,670.0,490.0,460.0,,770.0,850.0,19910.0,1040.0,600.0,380.0,550.0,530.0,4140.0,660.0,610.0,570.0,1000.0,330.0,980.0,770.0,800.0,500.0,630.0,1210.0,260.0,410.0,1820.0,,500.0,850.0,1250.0,1060.0,890.0,590.0,1020.0,850.0,620.0,300.0,730.0,1220.0,420.0,410.0,550.0,280.0,450.0,190.0,350.0,600.0,3400.0,370.0,630.0,730.0,300.0,970.0,980.0,710.0,490.0,830.0,440.0,820.0,630.0,350.0,550.0,1220.0,310.0,380.0,1030.0,3260.0,640.0,960.0,910.0
Ховрино,810.0,1160.0,1160.0,5840.0,790.0,330.0,1520.0,730.0,1340.0,1210.0,770.0,1030.0,900.0,550.0,1090.0,640.0,1130.0,600.0,700.0,910.0,210.0,650.0,290.0,320.0,990.0,20070.0,1260.0,550.0,510.0,610.0,590.0,670.0,670.0,840.0,580.0,1200.0,570.0,1340.0,800.0,980.0,2110.0,820.0,430.0,330.0,440.0,600.0,3820.0,390.0,1120.0,1300.0,1240.0,1100.0,850.0,1220.0,190.0,940.0,260.0,1140.0,960.0,660.0,660.0,500.0,420.0,1080.0,610.0,420.0,300.0,3210.0,310.0,940.0,1000.0,560.0,1340.0,980.0,970.0,800.0,1030.0,770.0,1020.0,990.0,390.0,730.0,1340.0,300.0,420.0,1280.0,720.0,810.0,1230.0,980.0
Хорошёвская,600.0,1000.0,1120.0,6160.0,530.0,340.0,1360.0,650.0,1090.0,970.0,3720.0,880.0,650.0,190.0,930.0,530.0,1350.0,370.0,,650.0,430.0,380.0,290.0,800.0,750.0,19850.0,1010.0,490.0,920.0,770.0,330.0,490.0,490.0,690.0,750.0,960.0,310.0,1010.0,950.0,1110.0,630.0,580.0,580.0,340.0,190.0,1020.0,1220.0,560.0,1010.0,1160.0,1040.0,860.0,800.0,1200.0,1010.0,910.0,520.0,910.0,1180.0,590.0,590.0,520.0,,830.0,560.0,450.0,730.0,3430.0,230.0,790.0,770.0,480.0,940.0,1200.0,860.0,630.0,770.0,680.0,710.0,760.0,260.0,530.0,1300.0,,290.0,,4540.0,800.0,1090.0,840.0
Фонвизинская,700.0,810.0,950.0,350.0,590.0,550.0,1590.0,480.0,1210.0,990.0,370.0,960.0,830.0,530.0,670.0,430.0,1350.0,750.0,650.0,,570.0,580.0,320.0,810.0,990.0,19900.0,1100.0,700.0,290.0,410.0,640.0,4310.0,800.0,620.0,510.0,1070.0,450.0,1040.0,750.0,830.0,340.0,,720.0,190.0,610.0,,,690.0,870.0,1410.0,1130.0,1010.0,640.0,1020.0,440.0,650.0,310.0,730.0,670.0,330.0,430.0,640.0,,,190.0,370.0,620.0,3390.0,370.0,630.0,820.0,310.0,1160.0,1090.0,680.0,520.0,920.0,570.0,970.0,,450.0,640.0,1470.0,430.0,480.0,1070.0,600.0,660.0,990.0,1090.0
Алексеевская,960.0,600.0,480.0,6590.0,1110.0,1300.0,1140.0,1010.0,870.0,880.0,3690.0,870.0,920.0,1260.0,1480.0,,2460.0,1280.0,1040.0,3680.0,1450.0,1240.0,420.0,890.0,1200.0,1080.0,510.0,1540.0,430.0,3970.0,1400.0,1000.0,1340.0,750.0,1220.0,750.0,1130.0,2110.0,840.0,650.0,900.0,1300.0,5090.0,1220.0,1350.0,420.0,4700.0,1480.0,610.0,,860.0,3890.0,,810.0,1410.0,670.0,1410.0,780.0,720.0,1080.0,940.0,1750.0,1380.0,690.0,1100.0,1560.0,1870.0,2080.0,1590.0,760.0,830.0,1110.0,920.0,590.0,600.0,930.0,,1180.0,1520.0,840.0,1520.0,1150.0,1000.0,6670.0,1530.0,580.0,1240.0,950.0,370.0,1310.0
Алтуфьево,930.0,960.0,940.0,260.0,,590.0,1620.0,750.0,1490.0,1270.0,3710.0,1320.0,1000.0,720.0,820.0,,1630.0,930.0,950.0,,480.0,830.0,350.0,900.0,1150.0,,1330.0,790.0,300.0,450.0,790.0,950.0,910.0,800.0,410.0,1310.0,750.0,860.0,730.0,800.0,2890.0,1150.0,650.0,420.0,630.0,2010.0,4340.0,630.0,1170.0,1510.0,1310.0,1310.0,870.0,1060.0,700.0,740.0,340.0,830.0,780.0,690.0,680.0,700.0,460.0,1060.0,470.0,500.0,16350.0,3560.0,480.0,730.0,1040.0,600.0,1310.0,840.0,1020.0,710.0,1170.0,860.0,1150.0,880.0,,940.0,1460.0,480.0,710.0,1280.0,570.0,970.0,1260.0,1210.0
Бабушкинская,690.0,830.0,880.0,460.0,640.0,,1490.0,470.0,1180.0,1000.0,3340.0,1000.0,800.0,680.0,650.0,410.0,1730.0,820.0,640.0,870.0,1440.0,740.0,,790.0,1000.0,1040.0,1130.0,930.0,400.0,200.0,820.0,4380.0,4350.0,610.0,320.0,1050.0,580.0,1200.0,550.0,740.0,540.0,970.0,,430.0,730.0,2580.0,,1040.0,1080.0,3460.0,1370.0,1300.0,780.0,1150.0,630.0,740.0,730.0,1070.0,860.0,470.0,540.0,1100.0,590.0,580.0,460.0,600.0,760.0,4250.0,810.0,840.0,960.0,470.0,1180.0,720.0,850.0,540.0,1100.0,830.0,1170.0,700.0,750.0,850.0,1450.0,870.0,900.0,1330.0,220.0,770.0,1210.0,1440.0
Бибирево,850.0,810.0,880.0,6250.0,750.0,870.0,1800.0,,1190.0,980.0,760.0,10310.0,970.0,740.0,1410.0,650.0,1870.0,1000.0,640.0,1960.0,990.0,720.0,1060.0,730.0,990.0,1030.0,1070.0,870.0,380.0,200.0,810.0,600.0,1010.0,620.0,270.0,1040.0,540.0,1440.0,670.0,730.0,430.0,780.0,1060.0,780.0,20690.0,1450.0,1750.0,450.0,900.0,3010.0,1310.0,2980.0,8910.0,1170.0,990.0,930.0,570.0,930.0,,,440.0,930.0,460.0,470.0,360.0,,,1200.0,680.0,620.0,780.0,420.0,1060.0,880.0,770.0,490.0,,670.0,,670.0,690.0,840.0,,820.0,,1090.0,270.0,590.0,1000.0,1200.0
Бутырская,560.0,810.0,910.0,470.0,420.0,400.0,1320.0,470.0,1060.0,980.0,3200.0,870.0,630.0,320.0,1020.0,380.0,1240.0,590.0,490.0,300.0,500.0,450.0,200.0,750.0,820.0,19830.0,1010.0,620.0,400.0,590.0,510.0,550.0,700.0,600.0,600.0,970.0,330.0,990.0,590.0,820.0,440.0,610.0,670.0,240.0,420.0,860.0,1320.0,540.0,850.0,2850.0,1010.0,930.0,590.0,990.0,890.0,610.0,360.0,,1180.0,400.0,400.0,590.0,190.0,760.0,380.0,350.0,590.0,3420.0,320.0,610.0,760.0,340.0,940.0,940.0,700.0,490.0,780.0,430.0,780.0,570.0,,,1190.0,370.0,370.0,1000.0,,530.0,970.0,900.0
Владыкино,770.0,920.0,980.0,280.0,,600.0,1560.0,540.0,1290.0,1040.0,550.0,1070.0,870.0,600.0,1280.0,620.0,1420.0,910.0,710.0,410.0,570.0,710.0,340.0,830.0,1140.0,20040.0,1230.0,940.0,200.0,290.0,800.0,4460.0,1080.0,720.0,400.0,1150.0,650.0,1100.0,740.0,870.0,510.0,950.0,880.0,310.0,620.0,1960.0,,920.0,960.0,2800.0,1270.0,1180.0,690.0,1130.0,490.0,810.0,390.0,810.0,680.0,430.0,520.0,970.0,490.0,890.0,360.0,380.0,690.0,3670.0,450.0,680.0,850.0,480.0,1250.0,900.0,810.0,600.0,910.0,760.0,1130.0,650.0,18770.0,730.0,1290.0,510.0,710.0,1170.0,480.0,700.0,1070.0,1280.0
Марьина роща,520.0,660.0,800.0,470.0,440.0,440.0,,360.0,1060.0,890.0,520.0,840.0,660.0,410.0,990.0,390.0,1350.0,670.0,440.0,640.0,560.0,470.0,290.0,640.0,870.0,870.0,1000.0,640.0,400.0,460.0,540.0,4220.0,4680.0,560.0,480.0,970.0,340.0,1050.0,620.0,700.0,310.0,620.0,,270.0,480.0,1390.0,,590.0,750.0,1280.0,970.0,890.0,480.0,910.0,770.0,590.0,440.0,590.0,530.0,300.0,290.0,670.0,300.0,330.0,220.0,460.0,480.0,3470.0,430.0,500.0,680.0,190.0,1020.0,920.0,560.0,370.0,770.0,450.0,810.0,530.0,340.0,460.0,1150.0,470.0,420.0,970.0,3190.0,430.0,860.0,920.0
Телецентр,640.0,750.0,920.0,370.0,600.0,540.0,1520.0,450.0,1170.0,960.0,3150.0,970.0,760.0,440.0,600.0,350.0,1470.0,750.0,550.0,410.0,650.0,570.0,400.0,710.0,950.0,970.0,1070.0,780.0,310.0,460.0,640.0,4310.0,4560.0,570.0,520.0,1060.0,450.0,1170.0,640.0,800.0,410.0,940.0,780.0,290.0,580.0,1980.0,,720.0,830.0,1400.0,1080.0,1170.0,570.0,990.0,470.0,600.0,330.0,720.0,600.0,390.0,380.0,790.0,280.0,420.0,190.0,380.0,570.0,1190.0,420.0,600.0,750.0,280.0,1100.0,890.0,640.0,520.0,840.0,570.0,920.0,550.0,350.0,,1270.0,460.0,530.0,1050.0,350.0,540.0,950.0,1030.0
Отрадное,830.0,940.0,1020.0,250.0,800.0,600.0,1720.0,550.0,1300.0,1100.0,3490.0,1100.0,890.0,730.0,1340.0,660.0,1410.0,930.0,750.0,430.0,520.0,740.0,,850.0,1180.0,20160.0,1240.0,990.0,190.0,260.0,870.0,4500.0,4520.0,740.0,250.0,1190.0,670.0,1090.0,740.0,870.0,510.0,920.0,790.0,490.0,620.0,1990.0,,780.0,,1610.0,1240.0,1190.0,730.0,1130.0,530.0,800.0,450.0,800.0,710.0,540.0,530.0,900.0,490.0,610.0,430.0,390.0,730.0,3560.0,450.0,,890.0,400.0,1290.0,880.0,,630.0,990.0,760.0,1150.0,680.0,,830.0,1370.0,490.0,670.0,1260.0,510.0,730.0,1110.0,1320.0
Ростокино,810.0,960.0,1080.0,1020.0,1160.0,1150.0,2710.0,510.0,1430.0,1150.0,520.0,1130.0,920.0,640.0,1470.0,440.0,530.0,950.0,620.0,880.0,1650.0,640.0,550.0,870.0,1010.0,1040.0,1080.0,820.0,360.0,300.0,730.0,4370.0,5110.0,550.0,360.0,1070.0,520.0,1230.0,620.0,760.0,380.0,890.0,1150.0,720.0,800.0,2510.0,,980.0,1010.0,3460.0,1350.0,1240.0,700.0,1200.0,720.0,690.0,700.0,790.0,670.0,380.0,480.0,1010.0,460.0,530.0,390.0,680.0,710.0,4170.0,780.0,680.0,940.0,470.0,1390.0,920.0,800.0,600.0,1070.0,770.0,1200.0,620.0,740.0,780.0,1420.0,790.0,720.0,1270.0,270.0,720.0,1190.0,1400.0
Свиблово,1500.0,1660.0,1610.0,730.0,1400.0,1440.0,3110.0,,2350.0,2010.0,6180.0,2050.0,1650.0,1370.0,1350.0,910.0,2840.0,1670.0,1410.0,1750.0,1130.0,1430.0,,1620.0,2110.0,2070.0,2170.0,,,390.0,1560.0,8160.0,8210.0,1270.0,480.0,2140.0,1220.0,1900.0,1130.0,1370.0,940.0,1150.0,1730.0,940.0,1430.0,3950.0,,1130.0,1150.0,5550.0,1510.0,2140.0,1270.0,1190.0,580.0,810.0,,1030.0,940.0,520.0,610.0,1180.0,610.0,650.0,560.0,820.0,820.0,4260.0,730.0,,,520.0,1560.0,910.0,920.0,710.0,1210.0,930.0,1330.0,730.0,890.0,900.0,1600.0,770.0,860.0,1470.0,460.0,990.0,1310.0,1560.0
Медведково,890.0,950.0,960.0,330.0,,700.0,1650.0,580.0,1470.0,1220.0,790.0,1200.0,1000.0,1010.0,830.0,660.0,1700.0,910.0,800.0,,710.0,850.0,,970.0,1260.0,1230.0,1250.0,1080.0,290.0,220.0,940.0,870.0,4400.0,790.0,220.0,1230.0,740.0,1160.0,660.0,810.0,,1040.0,860.0,470.0,710.0,2070.0,,840.0,1040.0,3100.0,1380.0,2730.0,790.0,1080.0,480.0,830.0,450.0,870.0,760.0,510.0,600.0,940.0,460.0,310.0,510.0,570.0,15990.0,3700.0,530.0,3430.0,960.0,560.0,1390.0,,870.0,670.0,1140.0,330.0,1210.0,680.0,18690.0,840.0,1590.0,600.0,820.0,1260.0,210.0,800.0,1110.0,1330.0
Тушинская,2980.0,4100.0,4100.0,2070.0,2580.0,1740.0,3630.0,1040.0,,1250.0,4160.0,1100.0,1060.0,820.0,1120.0,1030.0,1270.0,840.0,980.0,1030.0,760.0,880.0,,3110.0,2540.0,2410.0,4200.0,1740.0,2250.0,,1800.0,2420.0,1810.0,2690.0,2390.0,3850.0,1990.0,4280.0,3130.0,3600.0,2680.0,2550.0,1740.0,1820.0,1740.0,3470.0,3550.0,1740.0,3700.0,3560.0,3650.0,2710.0,3180.0,4350.0,1740.0,3550.0,1740.0,3620.0,3820.0,2640.0,2740.0,1740.0,1960.0,1140.0,2350.0,1930.0,2880.0,7700.0,1740.0,3240.0,3250.0,2250.0,,3640.0,3260.0,2530.0,3300.0,2070.0,1740.0,3180.0,,2390.0,3300.0,1800.0,1740.0,,2540.0,3240.0,4460.0,2450.0
Митино,1040.0,1500.0,1530.0,850.0,,700.0,1320.0,1130.0,1330.0,1400.0,,1140.0,1110.0,670.0,1370.0,1080.0,1180.0,720.0,260.0,690.0,640.0,790.0,,1210.0,930.0,20030.0,1490.0,520.0,420.0,1010.0,730.0,1010.0,530.0,1170.0,980.0,1360.0,830.0,1340.0,1240.0,1380.0,1000.0,950.0,280.0,750.0,620.0,1460.0,1260.0,470.0,1400.0,1270.0,1270.0,990.0,1160.0,1620.0,680.0,1400.0,780.0,1310.0,1410.0,,990.0,410.0,830.0,1310.0,1130.0,1010.0,1300.0,4130.0,780.0,1670.0,1450.0,1140.0,1240.0,1400.0,1310.0,980.0,,850.0,930.0,1140.0,620.0,1020.0,1230.0,890.0,630.0,1460.0,1010.0,1150.0,1570.0,1140.0
Стрешнево,580.0,930.0,1090.0,610.0,490.0,190.0,1270.0,610.0,1180.0,970.0,2880.0,1800.0,660.0,410.0,630.0,380.0,1060.0,410.0,500.0,740.0,340.0,460.0,300.0,680.0,780.0,19900.0,1100.0,450.0,510.0,680.0,400.0,4120.0,530.0,630.0,850.0,1050.0,360.0,780.0,900.0,970.0,620.0,700.0,530.0,350.0,260.0,,1210.0,440.0,980.0,1190.0,1100.0,870.0,710.0,1190.0,460.0,870.0,410.0,870.0,1250.0,540.0,530.0,400.0,350.0,1060.0,480.0,380.0,660.0,3190.0,230.0,,870.0,460.0,1040.0,1120.0,810.0,,890.0,460.0,730.0,770.0,600.0,520.0,1170.0,290.0,230.0,1100.0,4470.0,780.0,1110.0,850.0
Сходненская,1370.0,2060.0,2350.0,1230.0,1230.0,900.0,2470.0,1440.0,2440.0,2050.0,5220.0,2090.0,1700.0,1030.0,1490.0,1000.0,1870.0,1080.0,1220.0,1680.0,760.0,1190.0,,1700.0,1580.0,36570.0,2400.0,810.0,1290.0,1490.0,1050.0,1310.0,1030.0,1430.0,1470.0,2260.0,1030.0,2030.0,1850.0,2100.0,1460.0,1710.0,530.0,1050.0,650.0,2700.0,2220.0,420.0,1960.0,2180.0,2220.0,1650.0,1660.0,2520.0,820.0,1930.0,960.0,1920.0,2440.0,1310.0,1350.0,390.0,940.0,2210.0,1280.0,1170.0,1530.0,5710.0,880.0,1680.0,1690.0,1080.0,2170.0,2190.0,1780.0,1330.0,1910.0,1150.0,470.0,1720.0,720.0,1250.0,1510.0,970.0,540.0,1530.0,1460.0,1030.0,2310.0,1050.0
Строгино,710.0,1130.0,1260.0,810.0,630.0,440.0,1150.0,770.0,1290.0,,760.0,1140.0,880.0,330.0,1130.0,720.0,1190.0,530.0,190.0,1300.0,550.0,490.0,440.0,810.0,700.0,730.0,1250.0,190.0,570.0,960.0,410.0,650.0,400.0,790.0,930.0,1210.0,510.0,1120.0,1200.0,1130.0,2080.0,800.0,420.0,610.0,230.0,22780.0,1090.0,400.0,1160.0,1070.0,1140.0,840.0,910.0,1330.0,610.0,930.0,650.0,1050.0,1210.0,710.0,730.0,410.0,510.0,1020.0,750.0,630.0,840.0,3280.0,390.0,890.0,920.0,590.0,1080.0,1250.0,1020.0,690.0,,520.0,730.0,880.0,330.0,660.0,1050.0,580.0,480.0,1180.0,970.0,930.0,1310.0,740.0
Хорошёво,410.0,940.0,1040.0,760.0,380.0,390.0,1390.0,560.0,1100.0,960.0,3580.0,970.0,710.0,250.0,980.0,410.0,1280.0,550.0,400.0,680.0,500.0,360.0,,,830.0,19850.0,1080.0,590.0,960.0,720.0,380.0,,570.0,590.0,730.0,980.0,260.0,990.0,850.0,970.0,580.0,610.0,1320.0,500.0,390.0,1930.0,1300.0,,960.0,1280.0,940.0,910.0,680.0,1120.0,1080.0,860.0,530.0,860.0,1180.0,500.0,510.0,660.0,310.0,790.0,450.0,440.0,610.0,3400.0,250.0,730.0,840.0,400.0,1050.0,1050.0,770.0,540.0,830.0,350.0,770.0,740.0,290.0,,1260.0,530.0,370.0,1000.0,5390.0,650.0,1080.0,920.0
Щукинская,550.0,960.0,1090.0,710.0,520.0,280.0,1240.0,610.0,1110.0,1010.0,560.0,950.0,690.0,250.0,600.0,370.0,1200.0,400.0,460.0,750.0,390.0,470.0,380.0,640.0,800.0,19880.0,1040.0,380.0,650.0,820.0,380.0,470.0,600.0,610.0,800.0,1020.0,350.0,890.0,920.0,1000.0,600.0,790.0,580.0,380.0,190.0,1790.0,1280.0,480.0,940.0,1230.0,1020.0,900.0,740.0,1170.0,1000.0,870.0,610.0,870.0,1190.0,540.0,570.0,350.0,350.0,960.0,590.0,530.0,660.0,3280.0,350.0,770.0,750.0,450.0,970.0,1070.0,820.0,540.0,,1110.0,300.0,800.0,610.0,480.0,1220.0,430.0,190.0,1030.0,4670.0,800.0,1150.0,
Октябрьская,270.0,630.0,820.0,6240.0,560.0,,990.0,570.0,690.0,650.0,250.0,570.0,340.0,670.0,750.0,390.0,1480.0,570.0,370.0,420.0,710.0,570.0,440.0,280.0,660.0,630.0,670.0,830.0,19480.0,810.0,680.0,350.0,770.0,400.0,810.0,590.0,470.0,1080.0,800.0,700.0,2790.0,420.0,1000.0,,650.0,1170.0,1020.0,450.0,640.0,550.0,560.0,2740.0,520.0,990.0,790.0,630.0,730.0,630.0,710.0,550.0,540.0,820.0,530.0,570.0,640.0,640.0,16180.0,700.0,570.0,670.0,490.0,540.0,580.0,870.0,520.0,550.0,,450.0,640.0,730.0,660.0,220.0,,6440.0,620.0,640.0,3610.0,510.0,730.0,870.0
Смоленская,190.0,740.0,880.0,6060.0,370.0,550.0,1080.0,520.0,830.0,730.0,370.0,680.0,440.0,460.0,740.0,250.0,1420.0,470.0,,370.0,640.0,470.0,410.0,540.0,560.0,590.0,780.0,730.0,690.0,720.0,560.0,260.0,670.0,460.0,740.0,720.0,310.0,1040.0,800.0,750.0,510.0,330.0,1410.0,310.0,520.0,22040.0,1050.0,720.0,750.0,650.0,680.0,2660.0,570.0,980.0,730.0,640.0,740.0,630.0,700.0,480.0,460.0,760.0,390.0,630.0,510.0,,530.0,810.0,600.0,640.0,600.0,430.0,710.0,880.0,620.0,420.0,570.0,320.0,540.0,680.0,630.0,260.0,950.0,6530.0,570.0,760.0,3500.0,,840.0,860.0
Чкаловская,1540.0,8600.0,8640.0,5870.0,,8980.0,9310.0,8650.0,9150.0,8900.0,9320.0,9000.0,8960.0,8890.0,8150.0,150.0,9530.0,8960.0,8760.0,210.0,9060.0,8950.0,840.0,8940.0,9100.0,9040.0,8920.0,9350.0,800.0,8820.0,9090.0,8930.0,9410.0,8830.0,9250.0,9030.0,8860.0,9370.0,8540.0,8460.0,8700.0,9000.0,9280.0,8910.0,4440.0,3290.0,2020.0,9200.0,8780.0,8670.0,9180.0,,320.0,8710.0,9130.0,5040.0,9090.0,8630.0,8540.0,130.0,8740.0,9520.0,8970.0,8790.0,8930.0,9050.0,110.0,9220.0,8860.0,8580.0,8790.0,210.0,9020.0,8500.0,8740.0,,740.0,270.0,9070.0,8600.0,2890.0,8760.0,9140.0,9220.0,9180.0,8950.0,8810.0,8620.0,8860.0,9430.0
Павелецкая,260.0,580.0,780.0,940.0,430.0,,970.0,650.0,700.0,540.0,200.0,560.0,320.0,750.0,770.0,430.0,1650.0,,410.0,450.0,850.0,660.0,480.0,200.0,700.0,19410.0,720.0,880.0,880.0,870.0,770.0,330.0,800.0,330.0,920.0,590.0,530.0,1110.0,770.0,700.0,660.0,430.0,1080.0,510.0,720.0,600.0,1000.0,610.0,530.0,1030.0,560.0,700.0,550.0,890.0,940.0,600.0,870.0,590.0,640.0,,530.0,940.0,590.0,490.0,230.0,780.0,16160.0,670.0,840.0,560.0,450.0,650.0,580.0,700.0,420.0,540.0,350.0,550.0,640.0,740.0,19140.0,280.0,720.0,6350.0,660.0,640.0,3530.0,430.0,740.0,840.0
Красносельская,540.0,610.0,700.0,5950.0,770.0,680.0,1260.0,370.0,1020.0,850.0,510.0,850.0,570.0,850.0,1000.0,290.0,1590.0,710.0,620.0,670.0,1510.0,680.0,210.0,540.0,920.0,870.0,890.0,860.0,660.0,600.0,750.0,4230.0,5500.0,440.0,610.0,880.0,590.0,1310.0,530.0,600.0,280.0,890.0,910.0,540.0,21380.0,22270.0,1230.0,840.0,650.0,3400.0,910.0,900.0,360.0,850.0,900.0,380.0,690.0,470.0,410.0,220.0,230.0,850.0,420.0,220.0,510.0,540.0,16390.0,11800.0,670.0,370.0,500.0,390.0,900.0,730.0,510.0,190.0,750.0,,850.0,390.0,330.0,,1260.0,790.0,630.0,860.0,5240.0,380.0,,1160.0
Проспект Мира,830.0,1030.0,1010.0,560.0,810.0,,1840.0,550.0,1480.0,1270.0,,1230.0,1000.0,750.0,790.0,480.0,1830.0,970.0,780.0,1690.0,,1250.0,,1480.0,1890.0,1940.0,2170.0,1510.0,630.0,420.0,1370.0,8290.0,9430.0,1130.0,550.0,2050.0,1030.0,1860.0,990.0,1330.0,790.0,1530.0,1720.0,890.0,1250.0,4330.0,,1610.0,1650.0,5540.0,2180.0,2030.0,1160.0,1720.0,940.0,1170.0,1130.0,1550.0,1150.0,690.0,810.0,1620.0,840.0,890.0,760.0,890.0,1210.0,6760.0,620.0,1280.0,1490.0,350.0,2270.0,1310.0,700.0,510.0,900.0,650.0,1000.0,1290.0,820.0,890.0,1260.0,670.0,600.0,1110.0,230.0,580.0,1020.0,1230.0
Выставочная,2230.0,1800.0,1960.0,620.0,,1300.0,3510.0,1650.0,3140.0,2840.0,1850.0,2750.0,2300.0,1670.0,1710.0,1570.0,2780.0,2170.0,,2210.0,1050.0,1580.0,,2140.0,2620.0,2560.0,2610.0,1530.0,810.0,1240.0,1820.0,1760.0,2130.0,1990.0,1110.0,2880.0,1590.0,3100.0,1420.0,1720.0,5230.0,2090.0,1360.0,1040.0,41340.0,7340.0,8630.0,1290.0,2520.0,2040.0,1850.0,1390.0,890.0,4480.0,590.0,1060.0,560.0,1200.0,1100.0,1370.0,1000.0,930.0,,1120.0,500.0,590.0,890.0,3570.0,540.0,770.0,1100.0,500.0,,810.0,1050.0,810.0,,820.0,1260.0,820.0,820.0,2840.0,1570.0,540.0,690.0,1390.0,560.0,950.0,1240.0,1200.0
Таганская,400.0,440.0,650.0,6200.0,700.0,,1110.0,540.0,830.0,570.0,240.0,650.0,450.0,820.0,500.0,650.0,1780.0,860.0,540.0,580.0,990.0,880.0,600.0,330.0,810.0,800.0,700.0,1130.0,950.0,850.0,910.0,580.0,920.0,190.0,860.0,630.0,690.0,1250.0,640.0,550.0,530.0,690.0,1250.0,830.0,870.0,540.0,1180.0,1040.0,450.0,1200.0,700.0,3070.0,260.0,780.0,1120.0,490.0,890.0,460.0,500.0,570.0,470.0,1090.0,700.0,470.0,560.0,760.0,16500.0,880.0,880.0,510.0,380.0,670.0,700.0,630.0,340.0,440.0,500.0,700.0,800.0,590.0,19250.0,450.0,1100.0,6580.0,910.0,710.0,3710.0,470.0,670.0,1070.0
Тверская,450.0,440.0,640.0,6240.0,710.0,920.0,1120.0,550.0,850.0,600.0,440.0,10180.0,450.0,710.0,980.0,630.0,1760.0,810.0,530.0,1410.0,950.0,810.0,610.0,,890.0,780.0,700.0,1120.0,950.0,860.0,930.0,,940.0,190.0,880.0,640.0,710.0,1300.0,650.0,560.0,540.0,640.0,1270.0,890.0,21440.0,1310.0,1200.0,490.0,530.0,3810.0,,3140.0,7570.0,770.0,1060.0,460.0,910.0,480.0,510.0,580.0,460.0,1040.0,690.0,460.0,730.0,,,,,470.0,380.0,650.0,720.0,660.0,390.0,,,710.0,840.0,610.0,850.0,450.0,880.0,1040.0,890.0,690.0,,320.0,650.0,1060.0
Спортивная,1150.0,700.0,,890.0,,,1480.0,630.0,1290.0,1220.0,910.0,1300.0,1090.0,1010.0,550.0,1090.0,2430.0,1320.0,1170.0,3590.0,1140.0,1180.0,,970.0,1380.0,1490.0,1090.0,1350.0,890.0,3570.0,1220.0,1030.0,1490.0,880.0,790.0,1310.0,1000.0,1810.0,440.0,530.0,710.0,1250.0,1190.0,1030.0,20380.0,1860.0,4820.0,1180.0,890.0,3650.0,1430.0,3690.0,730.0,910.0,950.0,590.0,980.0,610.0,610.0,920.0,780.0,1240.0,900.0,920.0,840.0,,15570.0,4320.0,1150.0,580.0,990.0,870.0,1320.0,560.0,150.0,800.0,1220.0,180.0,1380.0,550.0,19010.0,930.0,1490.0,2710.0,1110.0,1100.0,720.0,720.0,1000.0,1620.0
Полянка,240.0,690.0,820.0,6290.0,480.0,,1110.0,510.0,780.0,640.0,3180.0,700.0,430.0,640.0,1410.0,330.0,2870.0,690.0,560.0,470.0,900.0,690.0,550.0,340.0,,710.0,960.0,1490.0,1060.0,1550.0,1290.0,680.0,2730.0,1230.0,3070.0,2630.0,1680.0,3710.0,2800.0,2560.0,2010.0,1550.0,3550.0,1520.0,2320.0,2480.0,3840.0,2900.0,2440.0,3540.0,2420.0,9390.0,1580.0,3280.0,2950.0,2060.0,1460.0,2070.0,1210.0,1960.0,980.0,1580.0,890.0,820.0,1260.0,1240.0,29770.0,1590.0,1300.0,1180.0,890.0,1070.0,1310.0,1480.0,900.0,850.0,,1630.0,1100.0,1240.0,35040.0,820.0,3530.0,2590.0,2270.0,2770.0,11690.0,850.0,1540.0,1580.0
Волгоградский проспект,520.0,1140.0,1470.0,11390.0,970.0,1200.0,2020.0,980.0,2930.0,1130.0,1220.0,31180.0,1480.0,1740.0,2890.0,680.0,5640.0,1040.0,660.0,2270.0,1380.0,530.0,480.0,270.0,640.0,610.0,760.0,840.0,900.0,870.0,660.0,360.0,740.0,300.0,870.0,730.0,430.0,1080.0,780.0,710.0,560.0,420.0,1000.0,720.0,21110.0,1960.0,1050.0,870.0,1210.0,6780.0,2500.0,9390.0,25800.0,3290.0,3000.0,710.0,1410.0,1080.0,1260.0,1080.0,1980.0,1610.0,580.0,570.0,870.0,,700.0,1460.0,1340.0,1110.0,960.0,2220.0,2550.0,810.0,990.0,870.0,440.0,460.0,570.0,620.0,640.0,230.0,820.0,780.0,650.0,730.0,750.0,440.0,800.0,850.0
Жулебино,710.0,240.0,330.0,6390.0,,1240.0,1140.0,660.0,860.0,850.0,660.0,950.0,660.0,990.0,1210.0,,2550.0,970.0,800.0,190.0,1420.0,950.0,,670.0,990.0,1030.0,780.0,1360.0,19910.0,3740.0,1160.0,4430.0,1120.0,480.0,960.0,980.0,910.0,1350.0,600.0,460.0,760.0,990.0,,1070.0,6840.0,1390.0,1290.0,1340.0,560.0,300.0,960.0,1080.0,320.0,,1110.0,570.0,1170.0,490.0,540.0,720.0,700.0,1320.0,900.0,500.0,960.0,,460.0,4420.0,1080.0,610.0,430.0,870.0,1070.0,470.0,420.0,660.0,840.0,940.0,1030.0,630.0,530.0,,940.0,1410.0,1080.0,710.0,950.0,610.0,680.0,1240.0
Алма-Атинская,700.0,570.0,690.0,6490.0,820.0,,800.0,900.0,640.0,530.0,400.0,550.0,660.0,990.0,1440.0,,2230.0,930.0,890.0,,1940.0,940.0,220.0,670.0,950.0,19510.0,290.0,1400.0,1470.0,3910.0,1190.0,720.0,1100.0,580.0,1400.0,430.0,990.0,1320.0,1020.0,860.0,3370.0,800.0,1750.0,1180.0,6100.0,250.0,1090.0,1580.0,410.0,510.0,630.0,880.0,590.0,900.0,1390.0,930.0,1390.0,920.0,930.0,820.0,810.0,1510.0,1050.0,500.0,1110.0,,550.0,770.0,1140.0,990.0,520.0,970.0,610.0,760.0,400.0,820.0,440.0,910.0,980.0,970.0,360.0,,680.0,1440.0,1230.0,390.0,1390.0,820.0,220.0,1130.0
Кузьминки,12020.0,2460.0,2470.0,3310.0,,2090.0,3270.0,2260.0,3050.0,,2420.0,2830.0,2550.0,2370.0,2920.0,2360.0,2160.0,2540.0,,3710.0,1910.0,2530.0,2660.0,7860.0,2670.0,2830.0,2900.0,2320.0,2000.0,2100.0,2370.0,2500.0,2330.0,,2150.0,3010.0,2330.0,1830.0,2110.0,2330.0,2270.0,2640.0,2210.0,1950.0,2220.0,2880.0,4750.0,2160.0,2700.0,130.0,2900.0,2860.0,2440.0,2610.0,1920.0,2320.0,1920.0,2490.0,1850.0,2230.0,2260.0,2190.0,2100.0,2720.0,2210.0,,12010.0,7140.0,2000.0,2400.0,2580.0,2200.0,2970.0,2370.0,2610.0,2260.0,2720.0,,2660.0,2310.0,2390.0,,2950.0,2050.0,2180.0,2870.0,2130.0,2450.0,2800.0,2690.0
Лефортово,,550.0,460.0,6210.0,810.0,,1300.0,470.0,1030.0,750.0,480.0,1290.0,700.0,970.0,1090.0,670.0,1860.0,830.0,600.0,720.0,1170.0,810.0,690.0,570.0,980.0,910.0,890.0,1120.0,19890.0,930.0,960.0,610.0,1040.0,370.0,860.0,850.0,640.0,1420.0,500.0,430.0,520.0,,,900.0,6530.0,1410.0,1300.0,1120.0,620.0,3680.0,900.0,980.0,320.0,660.0,1030.0,330.0,960.0,320.0,380.0,620.0,430.0,1190.0,650.0,540.0,720.0,780.0,210.0,12050.0,890.0,3010.0,540.0,610.0,970.0,580.0,440.0,440.0,750.0,700.0,1030.0,460.0,19210.0,530.0,1250.0,1050.0,820.0,850.0,950.0,190.0,780.0,1170.0
Люблино,,430.0,670.0,6570.0,930.0,1110.0,1070.0,770.0,840.0,740.0,580.0,730.0,750.0,940.0,1060.0,780.0,2040.0,960.0,820.0,780.0,1260.0,1010.0,,700.0,1140.0,19730.0,500.0,1240.0,1510.0,1280.0,1160.0,750.0,1240.0,480.0,1360.0,520.0,840.0,1490.0,1000.0,,960.0,,1570.0,1170.0,6220.0,270.0,1250.0,1300.0,190.0,270.0,720.0,930.0,450.0,870.0,1380.0,810.0,1210.0,800.0,760.0,490.0,730.0,1390.0,,330.0,1000.0,,440.0,580.0,1180.0,770.0,450.0,850.0,760.0,730.0,300.0,780.0,750.0,760.0,1200.0,,760.0,710.0,910.0,6570.0,1050.0,530.0,3880.0,600.0,380.0,1380.0
Марьино,890.0,1580.0,1720.0,1720.0,1040.0,1310.0,740.0,1440.0,1040.0,1350.0,4150.0,780.0,1130.0,1210.0,1160.0,1180.0,2450.0,860.0,1080.0,970.0,1480.0,1070.0,,1020.0,690.0,770.0,1220.0,1240.0,1730.0,1740.0,1040.0,1200.0,900.0,1130.0,1820.0,1190.0,1280.0,1430.0,1810.0,1690.0,3400.0,790.0,1570.0,1600.0,6980.0,240.0,3800.0,1710.0,1480.0,,1090.0,3720.0,1370.0,1900.0,1730.0,1610.0,1760.0,1610.0,1690.0,1500.0,1440.0,1570.0,1530.0,1500.0,1620.0,1570.0,1330.0,830.0,1390.0,1540.0,1280.0,1420.0,1030.0,1730.0,1450.0,1330.0,1100.0,460.0,700.0,1550.0,970.0,1000.0,970.0,1470.0,1240.0,1240.0,1780.0,1380.0,1330.0,620.0
Некрасовка,980.0,430.0,330.0,1100.0,,1400.0,1380.0,740.0,1210.0,1140.0,970.0,830.0,990.0,1340.0,1340.0,1070.0,2290.0,1280.0,1040.0,1800.0,1340.0,1230.0,,860.0,1440.0,1390.0,1030.0,1410.0,1960.0,940.0,1310.0,1060.0,1310.0,710.0,1010.0,1240.0,1090.0,1440.0,680.0,510.0,800.0,1170.0,1520.0,1270.0,21470.0,1740.0,2100.0,1410.0,790.0,590.0,1330.0,3570.0,520.0,140.0,1160.0,680.0,1220.0,680.0,630.0,900.0,790.0,1490.0,1070.0,800.0,1000.0,1160.0,590.0,4700.0,1180.0,590.0,890.0,920.0,1410.0,490.0,610.0,800.0,,1700.0,1380.0,710.0,1230.0,890.0,1390.0,2280.0,1170.0,,1020.0,580.0,980.0,1650.0
Нижегородская,,,,,,,,,,,,,,,,,,,,,,,,,,,,,,,,,,,,,,,,,,,,,,,,,,,,,,,,,,,,,,,,,,,,,,,,,,,,,,,,,,,,,,,,,,
Печатники,810.0,790.0,750.0,,1060.0,990.0,1980.0,500.0,1520.0,1210.0,980.0,2190.0,1270.0,1270.0,1200.0,920.0,3390.0,1620.0,1190.0,950.0,3220.0,1440.0,670.0,,,37660.0,2100.0,2020.0,1610.0,660.0,790.0,640.0,4560.0,370.0,680.0,860.0,540.0,1300.0,490.0,1090.0,720.0,1600.0,2280.0,1280.0,399.0,42330.0,2560.0,1930.0,1450.0,6410.0,1010.0,990.0,340.0,720.0,970.0,280.0,750.0,920.0,860.0,510.0,480.0,2060.0,950.0,1180.0,1190.0,1190.0,,22500.0,1500.0,830.0,1210.0,890.0,2140.0,1330.0,1270.0,480.0,1670.0,1440.0,1920.0,840.0,770.0,,2680.0,1740.0,1380.0,2000.0,8960.0,740.0,1800.0,2360.0
Рязанский проспект,,370.0,590.0,6480.0,950.0,,1460.0,540.0,1170.0,880.0,530.0,960.0,740.0,880.0,1430.0,750.0,2040.0,1060.0,770.0,1820.0,1860.0,1830.0,1550.0,550.0,2160.0,36920.0,1560.0,2330.0,36650.0,2130.0,2070.0,1370.0,2240.0,730.0,2320.0,1520.0,1590.0,2570.0,1400.0,930.0,1100.0,1640.0,2780.0,1780.0,11960.0,3120.0,2900.0,2320.0,980.0,850.0,1780.0,2190.0,410.0,1340.0,2340.0,1020.0,1870.0,1010.0,1140.0,580.0,640.0,2490.0,,960.0,,1530.0,510.0,8160.0,690.0,5580.0,1140.0,1180.0,1800.0,1040.0,770.0,970.0,1440.0,2740.0,2080.0,1250.0,35600.0,1180.0,2200.0,1240.0,1870.0,910.0,1400.0,660.0,810.0,1780.0
Текстильщики,620.0,330.0,470.0,6340.0,800.0,,1240.0,550.0,1000.0,760.0,510.0,850.0,640.0,950.0,1230.0,710.0,2100.0,1020.0,680.0,760.0,1260.0,940.0,260.0,470.0,1010.0,19900.0,610.0,1320.0,1070.0,1140.0,1150.0,630.0,1110.0,300.0,1250.0,790.0,800.0,1490.0,860.0,530.0,620.0,750.0,1510.0,990.0,6760.0,1540.0,1440.0,1270.0,290.0,270.0,930.0,1090.0,340.0,680.0,1260.0,670.0,1010.0,600.0,700.0,480.0,540.0,1410.0,720.0,370.0,790.0,,280.0,740.0,380.0,660.0,510.0,640.0,900.0,570.0,190.0,510.0,,1380.0,1000.0,780.0,19480.0,560.0,1220.0,6650.0,1040.0,600.0,3840.0,430.0,540.0,1390.0
Пролетарская,1350.0,8640.0,8650.0,8950.0,,9470.0,9600.0,8640.0,9200.0,,8690.0,9250.0,9080.0,8940.0,8020.0,,9810.0,9250.0,,250.0,9060.0,8980.0,930.0,8780.0,9300.0,9270.0,9250.0,9930.0,620.0,8800.0,9090.0,9080.0,9110.0,8650.0,720.0,9250.0,9150.0,,,8450.0,8720.0,9300.0,700.0,8900.0,9050.0,3420.0,160.0,9190.0,9050.0,350.0,9300.0,9400.0,320.0,8680.0,9140.0,5150.0,9010.0,8640.0,8530.0,220.0,8710.0,9520.0,8860.0,8820.0,8840.0,9050.0,200.0,9500.0,8850.0,8570.0,8810.0,,9300.0,8510.0,8720.0,,180.0,330.0,9330.0,8650.0,2960.0,8300.0,8930.0,8660.0,8660.0,8770.0,8340.0,8150.0,8700.0,9080.0
Каховская,,1710.0,2100.0,2570.0,1120.0,2120.0,1530.0,1620.0,1170.0,1100.0,5960.0,640.0,,1410.0,3500.0,1220.0,4020.0,1360.0,1140.0,630.0,4330.0,1350.0,,840.0,,510.0,1220.0,2340.0,2080.0,2410.0,1790.0,890.0,1430.0,1170.0,2620.0,1080.0,1370.0,1630.0,2190.0,1950.0,6070.0,780.0,2930.0,2120.0,11730.0,1340.0,1430.0,1500.0,1570.0,1500.0,890.0,780.0,1210.0,2390.0,2530.0,1820.0,2210.0,1800.0,,1490.0,1480.0,2850.0,1690.0,1250.0,1990.0,2000.0,1180.0,710.0,2190.0,1960.0,990.0,1640.0,720.0,2080.0,1480.0,1490.0,670.0,1240.0,990.0,2130.0,1970.0,930.0,1170.0,2350.0,2170.0,1170.0,8040.0,1830.0,1330.0,1540.0
Академическая,,1650.0,1800.0,2050.0,,1670.0,890.0,1610.0,1040.0,1320.0,4080.0,970.0,1160.0,1380.0,1180.0,1330.0,2940.0,1090.0,1240.0,900.0,1960.0,1260.0,,1170.0,860.0,840.0,1230.0,1450.0,1950.0,1980.0,1220.0,3540.0,950.0,1310.0,2010.0,1230.0,1370.0,1240.0,1890.0,1810.0,1680.0,810.0,4920.0,1350.0,6490.0,590.0,1770.0,2130.0,1520.0,1550.0,1120.0,730.0,1380.0,1930.0,1860.0,1630.0,1880.0,1640.0,1780.0,1560.0,1560.0,2090.0,1550.0,1520.0,1670.0,1720.0,1340.0,900.0,1680.0,1660.0,1270.0,1530.0,1040.0,1760.0,1450.0,1430.0,,140.0,890.0,1660.0,20910.0,1190.0,920.0,1750.0,1560.0,1220.0,1970.0,1500.0,1440.0,1210.0
Ленинский проспект,1130.0,1650.0,1810.0,7660.0,1160.0,1670.0,860.0,1570.0,1060.0,1300.0,1110.0,8940.0,1140.0,1380.0,730.0,1330.0,2950.0,1100.0,1200.0,320.0,1930.0,1230.0,940.0,1140.0,860.0,890.0,1230.0,1450.0,1930.0,1920.0,1240.0,1170.0,950.0,1250.0,1990.0,1190.0,1360.0,1250.0,1930.0,1830.0,1600.0,960.0,1960.0,1860.0,,580.0,530.0,1460.0,1520.0,4850.0,1080.0,4890.0,8690.0,1960.0,1900.0,1720.0,1860.0,1700.0,1780.0,1560.0,1600.0,2120.0,1530.0,1540.0,1760.0,,1360.0,770.0,1700.0,1710.0,1240.0,1570.0,1030.0,1820.0,1550.0,1520.0,1090.0,1280.0,870.0,1630.0,1610.0,1110.0,950.0,1770.0,1720.0,1230.0,1930.0,1490.0,1360.0,1200.0
Коньково,2020.0,2530.0,2500.0,1910.0,,1740.0,2640.0,2100.0,2670.0,2600.0,2080.0,2390.0,,1900.0,2340.0,,1150.0,1840.0,1130.0,1980.0,,1960.0,,2220.0,,2220.0,2690.0,1710.0,1390.0,2070.0,1860.0,2130.0,1800.0,2150.0,2010.0,2610.0,1910.0,2380.0,2250.0,2370.0,1010.0,2140.0,1050.0,1820.0,15300.0,1440.0,3640.0,1720.0,2520.0,2510.0,2600.0,90.0,2270.0,2670.0,2450.0,2330.0,1780.0,2370.0,2610.0,2120.0,2070.0,1620.0,340.0,2510.0,1980.0,1860.0,13910.0,2400.0,1860.0,2320.0,2480.0,2000.0,2540.0,2400.0,2410.0,2130.0,,890.0,2160.0,2260.0,1730.0,1090.0,,1760.0,2220.0,2750.0,2120.0,2270.0,2740.0,2200.0
Нахимовский проспект,0.0,0.0,0.0,0.0,0.0,0.0,0.0,0.0,0.0,0.0,0.0,0.0,0.0,0.0,0.0,0.0,0.0,0.0,0.0,0.0,0.0,0.0,0.0,0.0,0.0,0.0,0.0,0.0,0.0,0.0,0.0,0.0,0.0,0.0,0.0,0.0,0.0,0.0,0.0,0.0,0.0,0.0,0.0,0.0,0.0,0.0,0.0,0.0,0.0,0.0,0.0,0.0,0.0,0.0,0.0,0.0,0.0,0.0,0.0,0.0,0.0,0.0,0.0,0.0,0.0,0.0,0.0,0.0,0.0,0.0,0.0,0.0,0.0,0.0,0.0,0.0,0.0,0.0,0.0,0.0,0.0,0.0,0.0,0.0,0.0,0.0,0.0,0.0,0.0,0.0
Ломоносовский проспект,0.0,0.0,0.0,0.0,0.0,0.0,0.0,0.0,0.0,0.0,0.0,0.0,0.0,0.0,0.0,0.0,0.0,0.0,0.0,0.0,0.0,0.0,0.0,0.0,0.0,0.0,0.0,0.0,0.0,0.0,0.0,0.0,0.0,0.0,0.0,0.0,0.0,0.0,0.0,0.0,0.0,0.0,0.0,0.0,0.0,0.0,0.0,0.0,0.0,0.0,0.0,0.0,0.0,0.0,0.0,0.0,0.0,0.0,0.0,0.0,0.0,0.0,0.0,0.0,0.0,0.0,0.0,0.0,0.0,0.0,0.0,0.0,0.0,0.0,0.0,0.0,0.0,0.0,0.0,0.0,0.0,0.0,0.0,0.0,0.0,0.0,0.0,0.0,0.0,0.0
Калужская,0.0,0.0,0.0,0.0,0.0,0.0,0.0,0.0,0.0,0.0,0.0,0.0,0.0,0.0,0.0,0.0,0.0,0.0,0.0,0.0,0.0,0.0,0.0,0.0,0.0,0.0,0.0,0.0,0.0,0.0,0.0,0.0,0.0,0.0,0.0,0.0,0.0,0.0,0.0,0.0,0.0,0.0,0.0,0.0,0.0,0.0,0.0,0.0,0.0,0.0,0.0,0.0,0.0,0.0,0.0,0.0,0.0,0.0,0.0,0.0,0.0,0.0,0.0,0.0,0.0,0.0,0.0,0.0,0.0,0.0,0.0,0.0,0.0,0.0,0.0,0.0,0.0,0.0,0.0,0.0,0.0,0.0,0.0,0.0,0.0,0.0,0.0,0.0,0.0,0.0
Улица Старокачаловская,0.0,0.0,0.0,0.0,0.0,0.0,0.0,0.0,0.0,0.0,0.0,0.0,0.0,0.0,0.0,0.0,0.0,0.0,0.0,0.0,0.0,0.0,0.0,0.0,0.0,0.0,0.0,0.0,0.0,0.0,0.0,0.0,0.0,0.0,0.0,0.0,0.0,0.0,0.0,0.0,0.0,0.0,0.0,0.0,0.0,0.0,0.0,0.0,0.0,0.0,0.0,0.0,0.0,0.0,0.0,0.0,0.0,0.0,0.0,0.0,0.0,0.0,0.0,0.0,0.0,0.0,0.0,0.0,0.0,0.0,0.0,0.0,0.0,0.0,0.0,0.0,0.0,0.0,0.0,0.0,0.0,0.0,0.0,0.0,0.0,0.0,0.0,0.0,0.0,0.0
Тёплый стан,0.0,0.0,0.0,0.0,0.0,0.0,0.0,0.0,0.0,0.0,0.0,0.0,0.0,0.0,0.0,0.0,0.0,0.0,0.0,0.0,0.0,0.0,0.0,0.0,0.0,0.0,0.0,0.0,0.0,0.0,0.0,0.0,0.0,0.0,0.0,0.0,0.0,0.0,0.0,0.0,0.0,0.0,0.0,0.0,0.0,0.0,0.0,0.0,0.0,0.0,0.0,0.0,0.0,0.0,0.0,0.0,0.0,0.0,0.0,0.0,0.0,0.0,0.0,0.0,0.0,0.0,0.0,0.0,0.0,0.0,0.0,0.0,0.0,0.0,0.0,0.0,0.0,0.0,0.0,0.0,0.0,0.0,0.0,0.0,0.0,0.0,0.0,0.0,0.0,0.0
Новые Черёмушки,0.0,0.0,0.0,0.0,0.0,0.0,0.0,0.0,0.0,0.0,0.0,0.0,0.0,0.0,0.0,0.0,0.0,0.0,0.0,0.0,0.0,0.0,0.0,0.0,0.0,0.0,0.0,0.0,0.0,0.0,0.0,0.0,0.0,0.0,0.0,0.0,0.0,0.0,0.0,0.0,0.0,0.0,0.0,0.0,0.0,0.0,0.0,0.0,0.0,0.0,0.0,0.0,0.0,0.0,0.0,0.0,0.0,0.0,0.0,0.0,0.0,0.0,0.0,0.0,0.0,0.0,0.0,0.0,0.0,0.0,0.0,0.0,0.0,0.0,0.0,0.0,0.0,0.0,0.0,0.0,0.0,0.0,0.0,0.0,0.0,0.0,0.0,0.0,0.0,0.0
Улица Скобелевская,0.0,0.0,0.0,0.0,0.0,0.0,0.0,0.0,0.0,0.0,0.0,0.0,0.0,0.0,0.0,0.0,0.0,0.0,0.0,0.0,0.0,0.0,0.0,0.0,0.0,0.0,0.0,0.0,0.0,0.0,0.0,0.0,0.0,0.0,0.0,0.0,0.0,0.0,0.0,0.0,0.0,0.0,0.0,0.0,0.0,0.0,0.0,0.0,0.0,0.0,0.0,0.0,0.0,0.0,0.0,0.0,0.0,0.0,0.0,0.0,0.0,0.0,0.0,0.0,0.0,0.0,0.0,0.0,0.0,0.0,0.0,0.0,0.0,0.0,0.0,0.0,0.0,0.0,0.0,0.0,0.0,0.0,0.0,0.0,0.0,0.0,0.0,0.0,0.0,0.0
Ясенево,0.0,0.0,0.0,0.0,0.0,0.0,0.0,0.0,0.0,0.0,0.0,0.0,0.0,0.0,0.0,0.0,0.0,0.0,0.0,0.0,0.0,0.0,0.0,0.0,0.0,0.0,0.0,0.0,0.0,0.0,0.0,0.0,0.0,0.0,0.0,0.0,0.0,0.0,0.0,0.0,0.0,0.0,0.0,0.0,0.0,0.0,0.0,0.0,0.0,0.0,0.0,0.0,0.0,0.0,0.0,0.0,0.0,0.0,0.0,0.0,0.0,0.0,0.0,0.0,0.0,0.0,0.0,0.0,0.0,0.0,0.0,0.0,0.0,0.0,0.0,0.0,0.0,0.0,0.0,0.0,0.0,0.0,0.0,0.0,0.0,0.0,0.0,0.0,0.0,0.0
Южная,0.0,0.0,0.0,0.0,0.0,0.0,0.0,0.0,0.0,0.0,0.0,0.0,0.0,0.0,0.0,0.0,0.0,0.0,0.0,0.0,0.0,0.0,0.0,0.0,0.0,0.0,0.0,0.0,0.0,0.0,0.0,0.0,0.0,0.0,0.0,0.0,0.0,0.0,0.0,0.0,0.0,0.0,0.0,0.0,0.0,0.0,0.0,0.0,0.0,0.0,0.0,0.0,0.0,0.0,0.0,0.0,0.0,0.0,0.0,0.0,0.0,0.0,0.0,0.0,0.0,0.0,0.0,0.0,0.0,0.0,0.0,0.0,0.0,0.0,0.0,0.0,0.0,0.0,0.0,0.0,0.0,0.0,0.0,0.0,0.0,0.0,0.0,0.0,0.0,0.0
Царицыно,0.0,0.0,0.0,0.0,0.0,0.0,0.0,0.0,0.0,0.0,0.0,0.0,0.0,0.0,0.0,0.0,0.0,0.0,0.0,0.0,0.0,0.0,0.0,0.0,0.0,0.0,0.0,0.0,0.0,0.0,0.0,0.0,0.0,0.0,0.0,0.0,0.0,0.0,0.0,0.0,0.0,0.0,0.0,0.0,0.0,0.0,0.0,0.0,0.0,0.0,0.0,0.0,0.0,0.0,0.0,0.0,0.0,0.0,0.0,0.0,0.0,0.0,0.0,0.0,0.0,0.0,0.0,0.0,0.0,0.0,0.0,0.0,0.0,0.0,0.0,0.0,0.0,0.0,0.0,0.0,0.0,0.0,0.0,0.0,0.0,0.0,0.0,0.0,0.0,0.0
Тульская,0.0,0.0,0.0,0.0,0.0,0.0,0.0,0.0,0.0,0.0,0.0,0.0,0.0,0.0,0.0,0.0,0.0,0.0,0.0,0.0,0.0,0.0,0.0,0.0,0.0,0.0,0.0,0.0,0.0,0.0,0.0,0.0,0.0,0.0,0.0,0.0,0.0,0.0,0.0,0.0,0.0,0.0,0.0,0.0,0.0,0.0,0.0,0.0,0.0,0.0,0.0,0.0,0.0,0.0,0.0,0.0,0.0,0.0,0.0,0.0,0.0,0.0,0.0,0.0,0.0,0.0,0.0,0.0,0.0,0.0,0.0,0.0,0.0,0.0,0.0,0.0,0.0,0.0,0.0,0.0,0.0,0.0,0.0,0.0,0.0,0.0,0.0,0.0,0.0,0.0
Бульвар Дмитрия Донского,0.0,0.0,0.0,0.0,0.0,0.0,0.0,0.0,0.0,0.0,0.0,0.0,0.0,0.0,0.0,0.0,0.0,0.0,0.0,0.0,0.0,0.0,0.0,0.0,0.0,0.0,0.0,0.0,0.0,0.0,0.0,0.0,0.0,0.0,0.0,0.0,0.0,0.0,0.0,0.0,0.0,0.0,0.0,0.0,0.0,0.0,0.0,0.0,0.0,0.0,0.0,0.0,0.0,0.0,0.0,0.0,0.0,0.0,0.0,0.0,0.0,0.0,0.0,0.0,0.0,0.0,0.0,0.0,0.0,0.0,0.0,0.0,0.0,0.0,0.0,0.0,0.0,0.0,0.0,0.0,0.0,0.0,0.0,0.0,0.0,0.0,0.0,0.0,0.0,0.0
Зябликово,0.0,0.0,0.0,0.0,0.0,0.0,0.0,0.0,0.0,0.0,0.0,0.0,0.0,0.0,0.0,0.0,0.0,0.0,0.0,0.0,0.0,0.0,0.0,0.0,0.0,0.0,0.0,0.0,0.0,0.0,0.0,0.0,0.0,0.0,0.0,0.0,0.0,0.0,0.0,0.0,0.0,0.0,0.0,0.0,0.0,0.0,0.0,0.0,0.0,0.0,0.0,0.0,0.0,0.0,0.0,0.0,0.0,0.0,0.0,0.0,0.0,0.0,0.0,0.0,0.0,0.0,0.0,0.0,0.0,0.0,0.0,0.0,0.0,0.0,0.0,0.0,0.0,0.0,0.0,0.0,0.0,0.0,0.0,0.0,0.0,0.0,0.0,0.0,0.0,0.0
Каширская,0.0,0.0,0.0,0.0,0.0,0.0,0.0,0.0,0.0,0.0,0.0,0.0,0.0,0.0,0.0,0.0,0.0,0.0,0.0,0.0,0.0,0.0,0.0,0.0,0.0,0.0,0.0,0.0,0.0,0.0,0.0,0.0,0.0,0.0,0.0,0.0,0.0,0.0,0.0,0.0,0.0,0.0,0.0,0.0,0.0,0.0,0.0,0.0,0.0,0.0,0.0,0.0,0.0,0.0,0.0,0.0,0.0,0.0,0.0,0.0,0.0,0.0,0.0,0.0,0.0,0.0,0.0,0.0,0.0,0.0,0.0,0.0,0.0,0.0,0.0,0.0,0.0,0.0,0.0,0.0,0.0,0.0,0.0,0.0,0.0,0.0,0.0,0.0,0.0,0.0
Коломенская,0.0,0.0,0.0,0.0,0.0,0.0,0.0,0.0,0.0,0.0,0.0,0.0,0.0,0.0,0.0,0.0,0.0,0.0,0.0,0.0,0.0,0.0,0.0,0.0,0.0,0.0,0.0,0.0,0.0,0.0,0.0,0.0,0.0,0.0,0.0,0.0,0.0,0.0,0.0,0.0,0.0,0.0,0.0,0.0,0.0,0.0,0.0,0.0,0.0,0.0,0.0,0.0,0.0,0.0,0.0,0.0,0.0,0.0,0.0,0.0,0.0,0.0,0.0,0.0,0.0,0.0,0.0,0.0,0.0,0.0,0.0,0.0,0.0,0.0,0.0,0.0,0.0,0.0,0.0,0.0,0.0,0.0,0.0,0.0,0.0,0.0,0.0,0.0,0.0,0.0
Нагорная,0.0,0.0,0.0,0.0,0.0,0.0,0.0,0.0,0.0,0.0,0.0,0.0,0.0,0.0,0.0,0.0,0.0,0.0,0.0,0.0,0.0,0.0,0.0,0.0,0.0,0.0,0.0,0.0,0.0,0.0,0.0,0.0,0.0,0.0,0.0,0.0,0.0,0.0,0.0,0.0,0.0,0.0,0.0,0.0,0.0,0.0,0.0,0.0,0.0,0.0,0.0,0.0,0.0,0.0,0.0,0.0,0.0,0.0,0.0,0.0,0.0,0.0,0.0,0.0,0.0,0.0,0.0,0.0,0.0,0.0,0.0,0.0,0.0,0.0,0.0,0.0,0.0,0.0,0.0,0.0,0.0,0.0,0.0,0.0,0.0,0.0,0.0,0.0,0.0,0.0
Домодедовская,0.0,0.0,0.0,0.0,0.0,0.0,0.0,0.0,0.0,0.0,0.0,0.0,0.0,0.0,0.0,0.0,0.0,0.0,0.0,0.0,0.0,0.0,0.0,0.0,0.0,0.0,0.0,0.0,0.0,0.0,0.0,0.0,0.0,0.0,0.0,0.0,0.0,0.0,0.0,0.0,0.0,0.0,0.0,0.0,0.0,0.0,0.0,0.0,0.0,0.0,0.0,0.0,0.0,0.0,0.0,0.0,0.0,0.0,0.0,0.0,0.0,0.0,0.0,0.0,0.0,0.0,0.0,0.0,0.0,0.0,0.0,0.0,0.0,0.0,0.0,0.0,0.0,0.0,0.0,0.0,0.0,0.0,0.0,0.0,0.0,0.0,0.0,0.0,0.0,0.0
Аннино,0.0,0.0,0.0,0.0,0.0,0.0,0.0,0.0,0.0,0.0,0.0,0.0,0.0,0.0,0.0,0.0,0.0,0.0,0.0,0.0,0.0,0.0,0.0,0.0,0.0,0.0,0.0,0.0,0.0,0.0,0.0,0.0,0.0,0.0,0.0,0.0,0.0,0.0,0.0,0.0,0.0,0.0,0.0,0.0,0.0,0.0,0.0,0.0,0.0,0.0,0.0,0.0,0.0,0.0,0.0,0.0,0.0,0.0,0.0,0.0,0.0,0.0,0.0,0.0,0.0,0.0,0.0,0.0,0.0,0.0,0.0,0.0,0.0,0.0,0.0,0.0,0.0,0.0,0.0,0.0,0.0,0.0,0.0,0.0,0.0,0.0,0.0,0.0,0.0,0.0
Коммунарка,0.0,0.0,0.0,0.0,0.0,0.0,0.0,0.0,0.0,0.0,0.0,0.0,0.0,0.0,0.0,0.0,0.0,0.0,0.0,0.0,0.0,0.0,0.0,0.0,0.0,0.0,0.0,0.0,0.0,0.0,0.0,0.0,0.0,0.0,0.0,0.0,0.0,0.0,0.0,0.0,0.0,0.0,0.0,0.0,0.0,0.0,0.0,0.0,0.0,0.0,0.0,0.0,0.0,0.0,0.0,0.0,0.0,0.0,0.0,0.0,0.0,0.0,0.0,0.0,0.0,0.0,0.0,0.0,0.0,0.0,0.0,0.0,0.0,0.0,0.0,0.0,0.0,0.0,0.0,0.0,0.0,0.0,0.0,0.0,0.0,0.0,0.0,0.0,0.0,0.0
Рассказовка,0.0,0.0,0.0,0.0,0.0,0.0,0.0,0.0,0.0,0.0,0.0,0.0,0.0,0.0,0.0,0.0,0.0,0.0,0.0,0.0,0.0,0.0,0.0,0.0,0.0,0.0,0.0,0.0,0.0,0.0,0.0,0.0,0.0,0.0,0.0,0.0,0.0,0.0,0.0,0.0,0.0,0.0,0.0,0.0,0.0,0.0,0.0,0.0,0.0,0.0,0.0,0.0,0.0,0.0,0.0,0.0,0.0,0.0,0.0,0.0,0.0,0.0,0.0,0.0,0.0,0.0,0.0,0.0,0.0,0.0,0.0,0.0,0.0,0.0,0.0,0.0,0.0,0.0,0.0,0.0,0.0,0.0,0.0,0.0,0.0,0.0,0.0,0.0,0.0,0.0
Саларьево,0.0,0.0,0.0,0.0,0.0,0.0,0.0,0.0,0.0,0.0,0.0,0.0,0.0,0.0,0.0,0.0,0.0,0.0,0.0,0.0,0.0,0.0,0.0,0.0,0.0,0.0,0.0,0.0,0.0,0.0,0.0,0.0,0.0,0.0,0.0,0.0,0.0,0.0,0.0,0.0,0.0,0.0,0.0,0.0,0.0,0.0,0.0,0.0,0.0,0.0,0.0,0.0,0.0,0.0,0.0,0.0,0.0,0.0,0.0,0.0,0.0,0.0,0.0,0.0,0.0,0.0,0.0,0.0,0.0,0.0,0.0,0.0,0.0,0.0,0.0,0.0,0.0,0.0,0.0,0.0,0.0,0.0,0.0,0.0,0.0,0.0,0.0,0.0,0.0,0.0
Румянцево,0.0,0.0,0.0,0.0,0.0,0.0,0.0,0.0,0.0,0.0,0.0,0.0,0.0,0.0,0.0,0.0,0.0,0.0,0.0,0.0,0.0,0.0,0.0,0.0,0.0,0.0,0.0,0.0,0.0,0.0,0.0,0.0,0.0,0.0,0.0,0.0,0.0,0.0,0.0,0.0,0.0,0.0,0.0,0.0,0.0,0.0,0.0,0.0,0.0,0.0,0.0,0.0,0.0,0.0,0.0,0.0,0.0,0.0,0.0,0.0,0.0,0.0,0.0,0.0,0.0,0.0,0.0,0.0,0.0,0.0,0.0,0.0,0.0,0.0,0.0,0.0,0.0,0.0,0.0,0.0,0.0,0.0,0.0,0.0,0.0,0.0,0.0,0.0,0.0,0.0
